category,productname,url
africana pen,evergreen,"http://africanalifestyle.tv/product-images/grid-650x775/africana-pen/evergreen/africana-pen-evergreen-1.png,http://africanalifestyle.tv/product-images/grid-650x775/africana-pen/evergreen/africana-pen-evergreen-2.png,http://africanalifestyle.tv/product-images/grid-650x775/africana-pen/evergreen/africana-pen-evergreen-3.png,http://africanalifestyle.tv/product-images/grid-650x775/africana-pen/evergreen/africana-pen-evergreen-4.png,http://africanalifestyle.tv/product-images/grid-650x775/africana-pen/evergreen/africana-pen-evergreen-5.png"
africana pen,jet black,"http://africanalifestyle.tv/product-images/grid-650x775/africana-pen/jet-black/africana-pen-jet-black-1.png,http://africanalifestyle.tv/product-images/grid-650x775/africana-pen/jet-black/africana-pen-jet-black-2.png,http://africanalifestyle.tv/product-images/grid-650x775/africana-pen/jet-black/africana-pen-jet-black-3.png,http://africanalifestyle.tv/product-images/grid-650x775/africana-pen/jet-black/africana-pen-jet-black-4.png,http://africanalifestyle.tv/product-images/grid-650x775/africana-pen/jet-black/africana-pen-jet-black-5.png,http://africanalifestyle.tv/product-images/grid-650x775/africana-pen/jet-black/africana-pen-jet-black-6.png,http://africanalifestyle.tv/product-images/grid-650x775/africana-pen/jet-black/africana-pen-jet-black-7.png"
africana pen,textured black,"http://africanalifestyle.tv/product-images/grid-650x775/africana-pen/textured-black/africana-pen-textured-black-1.png,http://africanalifestyle.tv/product-images/grid-650x775/africana-pen/textured-black/africana-pen-textured-black-2.png,http://africanalifestyle.tv/product-images/grid-650x775/africana-pen/textured-black/africana-pen-textured-black-3.png,http://africanalifestyle.tv/product-images/grid-650x775/africana-pen/textured-black/africana-pen-textured-black-4.png,http://africanalifestyle.tv/product-images/grid-650x775/africana-pen/textured-black/africana-pen-textured-black-5.png"
bags,cabin trunk,"http://africanalifestyle.tv/product-images/grid-650x775/bags/cabin-trunk/bags-cabin-trunk-1.png,http://africanalifestyle.tv/product-images/grid-650x775/bags/cabin-trunk/bags-cabin-trunk-2.png,http://africanalifestyle.tv/product-images/grid-650x775/bags/cabin-trunk/bags-cabin-trunk-3.png,http://africanalifestyle.tv/product-images/grid-650x775/bags/cabin-trunk/bags-cabin-trunk-4.png,http://africanalifestyle.tv/product-images/grid-650x775/bags/cabin-trunk/bags-cabin-trunk-5.png"
bags,check in trunk,"http://africanalifestyle.tv/product-images/grid-650x775/bags/check-in-trunk/bags-check-in-trunk-1.png,http://africanalifestyle.tv/product-images/grid-650x775/bags/check-in-trunk/bags-check-in-trunk-2.png,http://africanalifestyle.tv/product-images/grid-650x775/bags/check-in-trunk/bags-check-in-trunk-3.png,http://africanalifestyle.tv/product-images/grid-650x775/bags/check-in-trunk/bags-check-in-trunk-4.png"
bags,cross bag,"http://africanalifestyle.tv/product-images/grid-650x775/bags/cross-bag/bags-cross-bag-1.png,http://africanalifestyle.tv/product-images/grid-650x775/bags/cross-bag/bags-cross-bag-2.png,http://africanalifestyle.tv/product-images/grid-650x775/bags/cross-bag/bags-cross-bag-3.png"
bags,cross body camera bag,"http://africanalifestyle.tv/product-images/grid-650x775/bags/cross-body-camera-bag/bags-cross-body-camera-bag-1.png,http://africanalifestyle.tv/product-images/grid-650x775/bags/cross-body-camera-bag/bags-cross-body-camera-bag-2.png,http://africanalifestyle.tv/product-images/grid-650x775/bags/cross-body-camera-bag/bags-cross-body-camera-bag-3.png,http://africanalifestyle.tv/product-images/grid-650x775/bags/cross-body-camera-bag/bags-cross-body-camera-bag-4.png,http://africanalifestyle.tv/product-images/grid-650x775/bags/cross-body-camera-bag/bags-cross-body-camera-bag-5.png"
bags,money bag,"http://africanalifestyle.tv/product-images/grid-650x775/bags/money-bag/bags-money-bag-1.png,http://africanalifestyle.tv/product-images/grid-650x775/bags/money-bag/bags-money-bag-2.png"
face caps,berets,"http://africanalifestyle.tv/product-images/grid-650x775/face-caps/berets/berets-1.png,http://africanalifestyle.tv/product-images/grid-650x775/face-caps/berets/berets-2.png,http://africanalifestyle.tv/product-images/grid-650x775/face-caps/berets/berets-3.png,http://africanalifestyle.tv/product-images/grid-650x775/face-caps/berets/berets-4.png"
face caps,bucket hat,
face caps,face cap art supply creative ball cap,"http://africanalifestyle.tv/product-images/grid-650x775/face-caps/face-cap-art-supply-creative-ball-cap/face-cap-art-supply-creative-ball-cap-1.png,http://africanalifestyle.tv/product-images/grid-650x775/face-caps/face-cap-art-supply-creative-ball-cap/face-cap-art-supply-creative-ball-cap-2.png,http://africanalifestyle.tv/product-images/grid-650x775/face-caps/face-cap-art-supply-creative-ball-cap/face-cap-art-supply-creative-ball-cap-3.png,http://africanalifestyle.tv/product-images/grid-650x775/face-caps/face-cap-art-supply-creative-ball-cap/face-cap-art-supply-creative-ball-cap-4.png,http://africanalifestyle.tv/product-images/grid-650x775/face-caps/face-cap-art-supply-creative-ball-cap/face-cap-art-supply-creative-ball-cap-5.png,http://africanalifestyle.tv/product-images/grid-650x775/face-caps/face-cap-art-supply-creative-ball-cap/face-cap-art-supply-creative-ball-cap-6.png,http://africanalifestyle.tv/product-images/grid-650x775/face-caps/face-cap-art-supply-creative-ball-cap/face-cap-art-supply-creative-ball-cap-7.png,http://africanalifestyle.tv/product-images/grid-650x775/face-caps/face-cap-art-supply-creative-ball-cap/face-cap-art-supply-creative-ball-cap-8.png"
face caps,face cap badge ghost,"http://africanalifestyle.tv/product-images/grid-650x775/face-caps/face-cap-badge-ghost/face-cap-badge-ghost-1.png,http://africanalifestyle.tv/product-images/grid-650x775/face-caps/face-cap-badge-ghost/face-cap-badge-ghost-2.png,http://africanalifestyle.tv/product-images/grid-650x775/face-caps/face-cap-badge-ghost/face-cap-badge-ghost-3.png,http://africanalifestyle.tv/product-images/grid-650x775/face-caps/face-cap-badge-ghost/face-cap-badge-ghost-4.png,http://africanalifestyle.tv/product-images/grid-650x775/face-caps/face-cap-badge-ghost/face-cap-badge-ghost-5.png,http://africanalifestyle.tv/product-images/grid-650x775/face-caps/face-cap-badge-ghost/face-cap-badge-ghost-6.png,http://africanalifestyle.tv/product-images/grid-650x775/face-caps/face-cap-badge-ghost/face-cap-badge-ghost-7.png,http://africanalifestyle.tv/product-images/grid-650x775/face-caps/face-cap-badge-ghost/face-cap-badge-ghost-8.png"
face caps,face cap circle logo,"http://africanalifestyle.tv/product-images/grid-650x775/face-caps/face-cap-circle-logo/face-cap-circle-logo-1.png,http://africanalifestyle.tv/product-images/grid-650x775/face-caps/face-cap-circle-logo/face-cap-circle-logo-2.png,http://africanalifestyle.tv/product-images/grid-650x775/face-caps/face-cap-circle-logo/face-cap-circle-logo-3.png,http://africanalifestyle.tv/product-images/grid-650x775/face-caps/face-cap-circle-logo/face-cap-circle-logo-4.png,http://africanalifestyle.tv/product-images/grid-650x775/face-caps/face-cap-circle-logo/face-cap-circle-logo-5.png,http://africanalifestyle.tv/product-images/grid-650x775/face-caps/face-cap-circle-logo/face-cap-circle-logo-6.png,http://africanalifestyle.tv/product-images/grid-650x775/face-caps/face-cap-circle-logo/face-cap-circle-logo-7.png"
face caps,face cap colours,"http://africanalifestyle.tv/product-images/grid-650x775/face-caps/face-cap-colours/face-cap-colours-1.png,http://africanalifestyle.tv/product-images/grid-650x775/face-caps/face-cap-colours/face-cap-colours-2.png,http://africanalifestyle.tv/product-images/grid-650x775/face-caps/face-cap-colours/face-cap-colours-3.png,http://africanalifestyle.tv/product-images/grid-650x775/face-caps/face-cap-colours/face-cap-colours-4.png,http://africanalifestyle.tv/product-images/grid-650x775/face-caps/face-cap-colours/face-cap-colours-5.png,http://africanalifestyle.tv/product-images/grid-650x775/face-caps/face-cap-colours/face-cap-colours-6.png,http://africanalifestyle.tv/product-images/grid-650x775/face-caps/face-cap-colours/face-cap-colours-7.png,http://africanalifestyle.tv/product-images/grid-650x775/face-caps/face-cap-colours/face-cap-colours-8.png,http://africanalifestyle.tv/product-images/grid-650x775/face-caps/face-cap-colours/face-cap-colours-9.png"
face caps,face cap customizable,"http://africanalifestyle.tv/product-images/grid-650x775/face-caps/face-cap-customizable/face-cap-customizable-1.png,http://africanalifestyle.tv/product-images/grid-650x775/face-caps/face-cap-customizable/face-cap-customizable-2.png,http://africanalifestyle.tv/product-images/grid-650x775/face-caps/face-cap-customizable/face-cap-customizable-3.png,http://africanalifestyle.tv/product-images/grid-650x775/face-caps/face-cap-customizable/face-cap-customizable-4.png"
face caps,face cap giza pyramid,"http://africanalifestyle.tv/product-images/grid-650x775/face-caps/face-cap-giza-pyramid/face-cap-giza-pyramid-1.png,http://africanalifestyle.tv/product-images/grid-650x775/face-caps/face-cap-giza-pyramid/face-cap-giza-pyramid-2.png,http://africanalifestyle.tv/product-images/grid-650x775/face-caps/face-cap-giza-pyramid/face-cap-giza-pyramid-3.png,http://africanalifestyle.tv/product-images/grid-650x775/face-caps/face-cap-giza-pyramid/face-cap-giza-pyramid-4.png"
face caps,face cap golf club,"http://africanalifestyle.tv/product-images/grid-650x775/face-caps/face-cap-golf-club/face-cap-golf-club-1.png,http://africanalifestyle.tv/product-images/grid-650x775/face-caps/face-cap-golf-club/face-cap-golf-club-2.png,http://africanalifestyle.tv/product-images/grid-650x775/face-caps/face-cap-golf-club/face-cap-golf-club-3.png,http://africanalifestyle.tv/product-images/grid-650x775/face-caps/face-cap-golf-club/face-cap-golf-club-4.png,http://africanalifestyle.tv/product-images/grid-650x775/face-caps/face-cap-golf-club/face-cap-golf-club-5.png,http://africanalifestyle.tv/product-images/grid-650x775/face-caps/face-cap-golf-club/face-cap-golf-club-6.png,http://africanalifestyle.tv/product-images/grid-650x775/face-caps/face-cap-golf-club/face-cap-golf-club-7.png,http://africanalifestyle.tv/product-images/grid-650x775/face-caps/face-cap-golf-club/face-cap-golf-club-8.png"
face caps,face cap nigerian patriot,"http://africanalifestyle.tv/product-images/grid-650x775/face-caps/face-cap-nigerian-patriot/face-cap-nigerian-patriot-1.png,http://africanalifestyle.tv/product-images/grid-650x775/face-caps/face-cap-nigerian-patriot/face-cap-nigerian-patriot-2.png,http://africanalifestyle.tv/product-images/grid-650x775/face-caps/face-cap-nigerian-patriot/face-cap-nigerian-patriot-3.png,http://africanalifestyle.tv/product-images/grid-650x775/face-caps/face-cap-nigerian-patriot/face-cap-nigerian-patriot-4.png,http://africanalifestyle.tv/product-images/grid-650x775/face-caps/face-cap-nigerian-patriot/face-cap-nigerian-patriot-5.png,http://africanalifestyle.tv/product-images/grid-650x775/face-caps/face-cap-nigerian-patriot/face-cap-nigerian-patriot-6.png,http://africanalifestyle.tv/product-images/grid-650x775/face-caps/face-cap-nigerian-patriot/face-cap-nigerian-patriot-7.png,http://africanalifestyle.tv/product-images/grid-650x775/face-caps/face-cap-nigerian-patriot/face-cap-nigerian-patriot-8.png"
face caps,face cap statement,"http://africanalifestyle.tv/product-images/grid-650x775/face-caps/face-cap-statement/face-cap-statement-1.png,http://africanalifestyle.tv/product-images/grid-650x775/face-caps/face-cap-statement/face-cap-statement-2.png,http://africanalifestyle.tv/product-images/grid-650x775/face-caps/face-cap-statement/face-cap-statement-3.png,http://africanalifestyle.tv/product-images/grid-650x775/face-caps/face-cap-statement/face-cap-statement-4.png"
face caps,face cap statement 2,"http://africanalifestyle.tv/product-images/grid-650x775/face-caps/face-cap-statement-2/face-cap-statement-2-1.png,http://africanalifestyle.tv/product-images/grid-650x775/face-caps/face-cap-statement-2/face-cap-statement-2-2.png,http://africanalifestyle.tv/product-images/grid-650x775/face-caps/face-cap-statement-2/face-cap-statement-2-3.png,http://africanalifestyle.tv/product-images/grid-650x775/face-caps/face-cap-statement-2/face-cap-statement-2-4.png"
face caps,face cap sticker cap,"http://africanalifestyle.tv/product-images/grid-650x775/face-caps/face-cap-sticker-cap/face-cap-sticker-cap-1.png,http://africanalifestyle.tv/product-images/grid-650x775/face-caps/face-cap-sticker-cap/face-cap-sticker-cap-2.png,http://africanalifestyle.tv/product-images/grid-650x775/face-caps/face-cap-sticker-cap/face-cap-sticker-cap-3.png,http://africanalifestyle.tv/product-images/grid-650x775/face-caps/face-cap-sticker-cap/face-cap-sticker-cap-4.png,http://africanalifestyle.tv/product-images/grid-650x775/face-caps/face-cap-sticker-cap/face-cap-sticker-cap-5.png,http://africanalifestyle.tv/product-images/grid-650x775/face-caps/face-cap-sticker-cap/face-cap-sticker-cap-6.png,http://africanalifestyle.tv/product-images/grid-650x775/face-caps/face-cap-sticker-cap/face-cap-sticker-cap-7.png,http://africanalifestyle.tv/product-images/grid-650x775/face-caps/face-cap-sticker-cap/face-cap-sticker-cap-8.png"
face caps,face cap trucker cap,"http://africanalifestyle.tv/product-images/grid-650x775/face-caps/face-cap-trucker-cap/face-cap-trucker-cap-1.png,http://africanalifestyle.tv/product-images/grid-650x775/face-caps/face-cap-trucker-cap/face-cap-trucker-cap-2.png,http://africanalifestyle.tv/product-images/grid-650x775/face-caps/face-cap-trucker-cap/face-cap-trucker-cap-3.png"
face caps,face cap un produit,"http://africanalifestyle.tv/product-images/grid-650x775/face-caps/face-cap-un-produit/face-cap-un-produit-1.png,http://africanalifestyle.tv/product-images/grid-650x775/face-caps/face-cap-un-produit/face-cap-un-produit-2.png,http://africanalifestyle.tv/product-images/grid-650x775/face-caps/face-cap-un-produit/face-cap-un-produit-3.png,http://africanalifestyle.tv/product-images/grid-650x775/face-caps/face-cap-un-produit/face-cap-un-produit-4.png"
face caps,scrip face cap,"http://africanalifestyle.tv/product-images/grid-650x775/face-caps/scrip-face-cap/face-cap-scrip-face-cap-1.png,http://africanalifestyle.tv/product-images/grid-650x775/face-caps/scrip-face-cap/face-cap-scrip-face-cap-2.png,http://africanalifestyle.tv/product-images/grid-650x775/face-caps/scrip-face-cap/face-cap-scrip-face-cap-3.png,http://africanalifestyle.tv/product-images/grid-650x775/face-caps/scrip-face-cap/face-cap-scrip-face-cap-4.png,http://africanalifestyle.tv/product-images/grid-650x775/face-caps/scrip-face-cap/face-cap-scrip-face-cap-5.png,http://africanalifestyle.tv/product-images/grid-650x775/face-caps/scrip-face-cap/face-cap-scrip-face-cap-6.png,http://africanalifestyle.tv/product-images/grid-650x775/face-caps/scrip-face-cap/face-cap-scrip-face-cap-7.png,http://africanalifestyle.tv/product-images/grid-650x775/face-caps/scrip-face-cap/face-cap-scrip-face-cap-8.png"
flip flops,black,"http://africanalifestyle.tv/product-images/grid-650x775/flip-flops/black/flip-flops-black-1.png,http://africanalifestyle.tv/product-images/grid-650x775/flip-flops/black/flip-flops-black-2.png,http://africanalifestyle.tv/product-images/grid-650x775/flip-flops/black/flip-flops-black-3.png,http://africanalifestyle.tv/product-images/grid-650x775/flip-flops/black/flip-flops-black-4.png,http://africanalifestyle.tv/product-images/grid-650x775/flip-flops/black/flip-flops-black-5.png"
flip flops,ghost,"http://africanalifestyle.tv/product-images/grid-650x775/flip-flops/ghost/flip-flops-ghost-1.png,http://africanalifestyle.tv/product-images/grid-650x775/flip-flops/ghost/flip-flops-ghost-2.png,http://africanalifestyle.tv/product-images/grid-650x775/flip-flops/ghost/flip-flops-ghost-3.png,http://africanalifestyle.tv/product-images/grid-650x775/flip-flops/ghost/flip-flops-ghost-4.png,http://africanalifestyle.tv/product-images/grid-650x775/flip-flops/ghost/flip-flops-ghost-5.png"
kaftans,k1,"http://africanalifestyle.tv/product-images/grid-650x775/kaftans/k1/k1-1.png,http://africanalifestyle.tv/product-images/grid-650x775/kaftans/k1/k1-2.png,http://africanalifestyle.tv/product-images/grid-650x775/kaftans/k1/k1-3.png,http://africanalifestyle.tv/product-images/grid-650x775/kaftans/k1/k1-4.png"
kaftans,k10,"http://africanalifestyle.tv/product-images/grid-650x775/kaftans/k10/k10-1.png,http://africanalifestyle.tv/product-images/grid-650x775/kaftans/k10/k10-2.png,http://africanalifestyle.tv/product-images/grid-650x775/kaftans/k10/k10-3.png,http://africanalifestyle.tv/product-images/grid-650x775/kaftans/k10/k10-4.png"
kaftans,k11,"http://africanalifestyle.tv/product-images/grid-650x775/kaftans/k11/k11-1.png,http://africanalifestyle.tv/product-images/grid-650x775/kaftans/k11/k11-2.png,http://africanalifestyle.tv/product-images/grid-650x775/kaftans/k11/k11-3.png,http://africanalifestyle.tv/product-images/grid-650x775/kaftans/k11/k11-4.png"
kaftans,k12,"http://africanalifestyle.tv/product-images/grid-650x775/kaftans/k12/k12-1.png,http://africanalifestyle.tv/product-images/grid-650x775/kaftans/k12/k12-2.png,http://africanalifestyle.tv/product-images/grid-650x775/kaftans/k12/k12-3.png,http://africanalifestyle.tv/product-images/grid-650x775/kaftans/k12/k12-4.png"
kaftans,k13,"http://africanalifestyle.tv/product-images/grid-650x775/kaftans/k13/k13-1.png,http://africanalifestyle.tv/product-images/grid-650x775/kaftans/k13/k13-2.png,http://africanalifestyle.tv/product-images/grid-650x775/kaftans/k13/k13-3.png,http://africanalifestyle.tv/product-images/grid-650x775/kaftans/k13/k13-4.png"
kaftans,k14,"http://africanalifestyle.tv/product-images/grid-650x775/kaftans/k14/k14-1.png,http://africanalifestyle.tv/product-images/grid-650x775/kaftans/k14/k14-2.png,http://africanalifestyle.tv/product-images/grid-650x775/kaftans/k14/k14-3.png,http://africanalifestyle.tv/product-images/grid-650x775/kaftans/k14/k14-4.png"
kaftans,k15,"http://africanalifestyle.tv/product-images/grid-650x775/kaftans/k15/k15-1.png,http://africanalifestyle.tv/product-images/grid-650x775/kaftans/k15/k15-2.png,http://africanalifestyle.tv/product-images/grid-650x775/kaftans/k15/k15-3.png,http://africanalifestyle.tv/product-images/grid-650x775/kaftans/k15/k15-4.png"
kaftans,k16,"http://africanalifestyle.tv/product-images/grid-650x775/kaftans/k16/k16-1.png,http://africanalifestyle.tv/product-images/grid-650x775/kaftans/k16/k16-2.png,http://africanalifestyle.tv/product-images/grid-650x775/kaftans/k16/k16-3.png,http://africanalifestyle.tv/product-images/grid-650x775/kaftans/k16/k16-4.png"
kaftans,k17,"http://africanalifestyle.tv/product-images/grid-650x775/kaftans/k17/k17-1.png,http://africanalifestyle.tv/product-images/grid-650x775/kaftans/k17/k17-2.png,http://africanalifestyle.tv/product-images/grid-650x775/kaftans/k17/k17-3.png,http://africanalifestyle.tv/product-images/grid-650x775/kaftans/k17/k17-4.png"
kaftans,k18,"http://africanalifestyle.tv/product-images/grid-650x775/kaftans/k18/k18-1.png,http://africanalifestyle.tv/product-images/grid-650x775/kaftans/k18/k18-2.png,http://africanalifestyle.tv/product-images/grid-650x775/kaftans/k18/k18-3.png,http://africanalifestyle.tv/product-images/grid-650x775/kaftans/k18/k18-4.png"
kaftans,k19,"http://africanalifestyle.tv/product-images/grid-650x775/kaftans/k19/k19-1.png,http://africanalifestyle.tv/product-images/grid-650x775/kaftans/k19/k19-2.png,http://africanalifestyle.tv/product-images/grid-650x775/kaftans/k19/k19-3.png,http://africanalifestyle.tv/product-images/grid-650x775/kaftans/k19/k19-4.png"
kaftans,k2,"http://africanalifestyle.tv/product-images/grid-650x775/kaftans/k2/k2-1.png,http://africanalifestyle.tv/product-images/grid-650x775/kaftans/k2/k2-2.png,http://africanalifestyle.tv/product-images/grid-650x775/kaftans/k2/k2-3.png,http://africanalifestyle.tv/product-images/grid-650x775/kaftans/k2/k2-4.png"
kaftans,k20,"http://africanalifestyle.tv/product-images/grid-650x775/kaftans/k20/k20-1.png,http://africanalifestyle.tv/product-images/grid-650x775/kaftans/k20/k20-2.png,http://africanalifestyle.tv/product-images/grid-650x775/kaftans/k20/k20-3.png,http://africanalifestyle.tv/product-images/grid-650x775/kaftans/k20/k20-4.png"
kaftans,k3,"http://africanalifestyle.tv/product-images/grid-650x775/kaftans/k3/k3-1.png,http://africanalifestyle.tv/product-images/grid-650x775/kaftans/k3/k3-2.png,http://africanalifestyle.tv/product-images/grid-650x775/kaftans/k3/k3-3.png,http://africanalifestyle.tv/product-images/grid-650x775/kaftans/k3/k3-4.png"
kaftans,k4,"http://africanalifestyle.tv/product-images/grid-650x775/kaftans/k4/k4-1.png,http://africanalifestyle.tv/product-images/grid-650x775/kaftans/k4/k4-2.png,http://africanalifestyle.tv/product-images/grid-650x775/kaftans/k4/k4-3.png,http://africanalifestyle.tv/product-images/grid-650x775/kaftans/k4/k4-4.png"
kaftans,k5,"http://africanalifestyle.tv/product-images/grid-650x775/kaftans/k5/k5-1.png,http://africanalifestyle.tv/product-images/grid-650x775/kaftans/k5/k5-2.png,http://africanalifestyle.tv/product-images/grid-650x775/kaftans/k5/k5-3.png,http://africanalifestyle.tv/product-images/grid-650x775/kaftans/k5/k5-4.png"
kaftans,k6,"http://africanalifestyle.tv/product-images/grid-650x775/kaftans/k6/k6-1.png,http://africanalifestyle.tv/product-images/grid-650x775/kaftans/k6/k6-2.png,http://africanalifestyle.tv/product-images/grid-650x775/kaftans/k6/k6-3.png,http://africanalifestyle.tv/product-images/grid-650x775/kaftans/k6/k6-4.png"
kaftans,k7,"http://africanalifestyle.tv/product-images/grid-650x775/kaftans/k7/k7-1.png,http://africanalifestyle.tv/product-images/grid-650x775/kaftans/k7/k7-2.png,http://africanalifestyle.tv/product-images/grid-650x775/kaftans/k7/k7-3.png,http://africanalifestyle.tv/product-images/grid-650x775/kaftans/k7/k7-4.png"
kaftans,k8,"http://africanalifestyle.tv/product-images/grid-650x775/kaftans/k8/k8-1.png,http://africanalifestyle.tv/product-images/grid-650x775/kaftans/k8/k8-2.png,http://africanalifestyle.tv/product-images/grid-650x775/kaftans/k8/k8-3.png,http://africanalifestyle.tv/product-images/grid-650x775/kaftans/k8/k8-4.png"
kaftans,k9,"http://africanalifestyle.tv/product-images/grid-650x775/kaftans/k9/k9-1.png,http://africanalifestyle.tv/product-images/grid-650x775/kaftans/k9/k9-2.png,http://africanalifestyle.tv/product-images/grid-650x775/kaftans/k9/k9-3.png,http://africanalifestyle.tv/product-images/grid-650x775/kaftans/k9/k9-4.png"
lounge wears,l1,"http://africanalifestyle.tv/product-images/grid-650x775/lounge-wears/l1/l1-1.png,http://africanalifestyle.tv/product-images/grid-650x775/lounge-wears/l1/l1-2.png"
lounge wears,l2,"http://africanalifestyle.tv/product-images/grid-650x775/lounge-wears/l2/l2-1.png,http://africanalifestyle.tv/product-images/grid-650x775/lounge-wears/l2/l2-2.png"
lounge wears,l3,"http://africanalifestyle.tv/product-images/grid-650x775/lounge-wears/l3/l3-1.png,http://africanalifestyle.tv/product-images/grid-650x775/lounge-wears/l3/l3-2.png"
lounge wears,l4,"http://africanalifestyle.tv/product-images/grid-650x775/lounge-wears/l4/l4-1.png,http://africanalifestyle.tv/product-images/grid-650x775/lounge-wears/l4/l4-2.png"
lounge wears,l5,"http://africanalifestyle.tv/product-images/grid-650x775/lounge-wears/l5/l5-1.png,http://africanalifestyle.tv/product-images/grid-650x775/lounge-wears/l5/l5-2.png"
lounge wears,l6,"http://africanalifestyle.tv/product-images/grid-650x775/lounge-wears/l6/l6-1.png,http://africanalifestyle.tv/product-images/grid-650x775/lounge-wears/l6/l6-2.png"
lounge wears,l7,"http://africanalifestyle.tv/product-images/grid-650x775/lounge-wears/l7/l7-1.png,http://africanalifestyle.tv/product-images/grid-650x775/lounge-wears/l7/l7-2.png"
lounge wears,l8,"http://africanalifestyle.tv/product-images/grid-650x775/lounge-wears/l8/l8-1.png,http://africanalifestyle.tv/product-images/grid-650x775/lounge-wears/l8/l8-2.png"
scarves,scarves,"http://africanalifestyle.tv/product-images/grid-650x775/scarves/scarf-1.png,http://africanalifestyle.tv/product-images/grid-650x775/scarves/scarf-2.png,http://africanalifestyle.tv/product-images/grid-650x775/scarves/scarf-3.png,http://africanalifestyle.tv/product-images/grid-650x775/scarves/scarf-4.png,http://africanalifestyle.tv/product-images/grid-650x775/scarves/scarf-5.png,http://africanalifestyle.tv/product-images/grid-650x775/scarves/scarf-6.png,http://africanalifestyle.tv/product-images/grid-650x775/scarves/scarf-7.png"
slides,alpha slides black,"http://africanalifestyle.tv/product-images/grid-650x775/slides/alpha-slides-black/alpha-slides-black-1.png,http://africanalifestyle.tv/product-images/grid-650x775/slides/alpha-slides-black/alpha-slides-black-2.png,http://africanalifestyle.tv/product-images/grid-650x775/slides/alpha-slides-black/alpha-slides-black-3.png,http://africanalifestyle.tv/product-images/grid-650x775/slides/alpha-slides-black/alpha-slides-black-4.png"
slides,alpha slides charcoal,"http://africanalifestyle.tv/product-images/grid-650x775/slides/alpha-slides-charcoal/alpha-slides-charcoal-1.png,http://africanalifestyle.tv/product-images/grid-650x775/slides/alpha-slides-charcoal/alpha-slides-charcoal-2.png,http://africanalifestyle.tv/product-images/grid-650x775/slides/alpha-slides-charcoal/alpha-slides-charcoal-3.png,http://africanalifestyle.tv/product-images/grid-650x775/slides/alpha-slides-charcoal/alpha-slides-charcoal-4.png,http://africanalifestyle.tv/product-images/grid-650x775/slides/alpha-slides-charcoal/alpha-slides-charcoal-5.png"
slides,alpha slides ghost,"http://africanalifestyle.tv/product-images/grid-650x775/slides/alpha-slides-ghost/alpha-slides-ghost-1.png,http://africanalifestyle.tv/product-images/grid-650x775/slides/alpha-slides-ghost/alpha-slides-ghost-2.png,http://africanalifestyle.tv/product-images/grid-650x775/slides/alpha-slides-ghost/alpha-slides-ghost-3.png,http://africanalifestyle.tv/product-images/grid-650x775/slides/alpha-slides-ghost/alpha-slides-ghost-4.png,http://africanalifestyle.tv/product-images/grid-650x775/slides/alpha-slides-ghost/alpha-slides-ghost-5.png"
sweat shirts,art of life,"http://africanalifestyle.tv/product-images/grid-650x775/sweat-shirts/art-of-life/art-of-life-1.png,http://africanalifestyle.tv/product-images/grid-650x775/sweat-shirts/art-of-life/art-of-life-2.png"
sweat shirts,claws,"http://africanalifestyle.tv/product-images/grid-650x775/sweat-shirts/claws/claws-1.png,http://africanalifestyle.tv/product-images/grid-650x775/sweat-shirts/claws/claws-2.png"
sweat shirts,cowry neck,"http://africanalifestyle.tv/product-images/grid-650x775/sweat-shirts/cowry-neck/cowry-neck-1.png,http://africanalifestyle.tv/product-images/grid-650x775/sweat-shirts/cowry-neck/cowry-neck-2.png"
sweat shirts,danger,"http://africanalifestyle.tv/product-images/grid-650x775/sweat-shirts/danger/danger-1.png,http://africanalifestyle.tv/product-images/grid-650x775/sweat-shirts/danger/danger-2.png"
sweat shirts,fierce 2,"http://africanalifestyle.tv/product-images/grid-650x775/sweat-shirts/fierce-2/fierce-1.png,http://africanalifestyle.tv/product-images/grid-650x775/sweat-shirts/fierce-2/fierce-2.png"
sweat shirts,sensei,"http://africanalifestyle.tv/product-images/grid-650x775/sweat-shirts/sensei/sensei-1.png,http://africanalifestyle.tv/product-images/grid-650x775/sweat-shirts/sensei/sensei-2.png"
sweat shirts,skull afrique,"http://africanalifestyle.tv/product-images/grid-650x775/sweat-shirts/skull-afrique/skull-afrique-1.png,http://africanalifestyle.tv/product-images/grid-650x775/sweat-shirts/skull-afrique/skull-afrique-2.png"
sweat shirts,striker,"http://africanalifestyle.tv/product-images/grid-650x775/sweat-shirts/striker/striker-1.png,http://africanalifestyle.tv/product-images/grid-650x775/sweat-shirts/striker/striker-2.png"
sweat shirts,tribute to jmb,"http://africanalifestyle.tv/product-images/grid-650x775/sweat-shirts/tribute-to-jmb/tribute-to-jmb-1.png,http://africanalifestyle.tv/product-images/grid-650x775/sweat-shirts/tribute-to-jmb/tribute-to-jmb-2.png"
t shirts,a script,"http://africanalifestyle.tv/product-images/grid-650x775/t-shirts/a-script/a-script-1.png,http://africanalifestyle.tv/product-images/grid-650x775/t-shirts/a-script/a-script-2.png"
t shirts,a x,"http://africanalifestyle.tv/product-images/grid-650x775/t-shirts/a-x/ax-1.png,http://africanalifestyle.tv/product-images/grid-650x775/t-shirts/a-x/ax-2.png"
t shirts,africana arcade,"http://africanalifestyle.tv/product-images/grid-650x775/t-shirts/africana-arcade/africana-arcade-1.png,http://africanalifestyle.tv/product-images/grid-650x775/t-shirts/africana-arcade/africana-arcade-2.png"
t shirts,africana universe,"http://africanalifestyle.tv/product-images/grid-650x775/t-shirts/africana-universe/africana-universe-1.png,http://africanalifestyle.tv/product-images/grid-650x775/t-shirts/africana-universe/africana-universe-2.png"
t shirts,africana x2,"http://africanalifestyle.tv/product-images/grid-650x775/t-shirts/africana-x2/africana-x2-1.png,http://africanalifestyle.tv/product-images/grid-650x775/t-shirts/africana-x2/africana-x2-2.png,http://africanalifestyle.tv/product-images/grid-650x775/t-shirts/africana-x2/africana-x2-3.png,http://africanalifestyle.tv/product-images/grid-650x775/t-shirts/africana-x2/africana-x2-4.png"
t shirts,ape wisdom,"http://africanalifestyle.tv/product-images/grid-650x775/t-shirts/ape-wisdom/ape-wisdom-1.png,http://africanalifestyle.tv/product-images/grid-650x775/t-shirts/ape-wisdom/ape-wisdom-2.png"
t shirts,art of life,"http://africanalifestyle.tv/product-images/grid-650x775/t-shirts/art-of-life/art-of-life-1.png,http://africanalifestyle.tv/product-images/grid-650x775/t-shirts/art-of-life/art-of-life-2.png"
t shirts,black power,"http://africanalifestyle.tv/product-images/grid-650x775/t-shirts/black-power/black-power-1.png,http://africanalifestyle.tv/product-images/grid-650x775/t-shirts/black-power/black-power-2.png"
t shirts,cheater,"http://africanalifestyle.tv/product-images/grid-650x775/t-shirts/cheater/cheater-1.png,http://africanalifestyle.tv/product-images/grid-650x775/t-shirts/cheater/cheater-2.png"
t shirts,colours x2,"http://africanalifestyle.tv/product-images/grid-650x775/t-shirts/colours-x2/colours-x2-1.png,http://africanalifestyle.tv/product-images/grid-650x775/t-shirts/colours-x2/colours-x2-2.png,http://africanalifestyle.tv/product-images/grid-650x775/t-shirts/colours-x2/colours-x2-3.png,http://africanalifestyle.tv/product-images/grid-650x775/t-shirts/colours-x2/colours-x2-4.png"
t shirts,dont let virgil down,"http://africanalifestyle.tv/product-images/grid-650x775/t-shirts/dont-let-virgil-down/dont-let-virgil-down-.png,http://africanalifestyle.tv/product-images/grid-650x775/t-shirts/dont-let-virgil-down/dont-let-virgil-down-1.png"
t shirts,eden x2,"http://africanalifestyle.tv/product-images/grid-650x775/t-shirts/eden-x2/eden-x2-1.png,http://africanalifestyle.tv/product-images/grid-650x775/t-shirts/eden-x2/eden-x2-2.png,http://africanalifestyle.tv/product-images/grid-650x775/t-shirts/eden-x2/eden-x2-3.png,http://africanalifestyle.tv/product-images/grid-650x775/t-shirts/eden-x2/eden-x2-4.png"
t shirts,frames,"http://africanalifestyle.tv/product-images/grid-650x775/t-shirts/frames/frames-1.png,http://africanalifestyle.tv/product-images/grid-650x775/t-shirts/frames/frames-2.png"
t shirts,ice cream,
t shirts,invest in the youth,"http://africanalifestyle.tv/product-images/grid-650x775/t-shirts/invest-in-the-youth/invest-in-the-youth-1.png,http://africanalifestyle.tv/product-images/grid-650x775/t-shirts/invest-in-the-youth/invest-in-the-youth-2.png"
t shirts,king leo,"http://africanalifestyle.tv/product-images/grid-650x775/t-shirts/king-leo/king-leo-1.png,http://africanalifestyle.tv/product-images/grid-650x775/t-shirts/king-leo/king-leo-2.png"
t shirts,king pecker,"http://africanalifestyle.tv/product-images/grid-650x775/t-shirts/king-pecker/king-pecker-1.png,http://africanalifestyle.tv/product-images/grid-650x775/t-shirts/king-pecker/king-pecker-2.png"
t shirts,lego emblem,"http://africanalifestyle.tv/product-images/grid-650x775/t-shirts/lego-emblem/lego-emblem-1.png,http://africanalifestyle.tv/product-images/grid-650x775/t-shirts/lego-emblem/lego-emblem-2.png"
t shirts,lovers duo,"http://africanalifestyle.tv/product-images/grid-650x775/t-shirts/lovers-duo/lovers-duo-1.png,http://africanalifestyle.tv/product-images/grid-650x775/t-shirts/lovers-duo/lovers-duo-2.png,http://africanalifestyle.tv/product-images/grid-650x775/t-shirts/lovers-duo/lovers-duo-3.png,http://africanalifestyle.tv/product-images/grid-650x775/t-shirts/lovers-duo/lovers-duo-4.png"
t shirts,order of benin kingdom,"http://africanalifestyle.tv/product-images/grid-650x775/t-shirts/order-of-benin-kingdom/order-of-benin-kingdom-1.png,http://africanalifestyle.tv/product-images/grid-650x775/t-shirts/order-of-benin-kingdom/order-of-benin-kingdom-2.png"
t shirts,palm leaves,"http://africanalifestyle.tv/product-images/grid-650x775/t-shirts/palm-leaves/palm-leaves-1.png,http://africanalifestyle.tv/product-images/grid-650x775/t-shirts/palm-leaves/palm-leaves-2.png"
t shirts,pardon my french,"http://africanalifestyle.tv/product-images/grid-650x775/t-shirts/pardon-my-french/pardon-my-french-1.png,http://africanalifestyle.tv/product-images/grid-650x775/t-shirts/pardon-my-french/pardon-my-french-2.png,http://africanalifestyle.tv/product-images/grid-650x775/t-shirts/pardon-my-french/pardon-my-french-3.png,http://africanalifestyle.tv/product-images/grid-650x775/t-shirts/pardon-my-french/pardon-my-french-4.png"
t shirts,pure heart,"http://africanalifestyle.tv/product-images/grid-650x775/t-shirts/pure-heart/pure-heart-1.png,http://africanalifestyle.tv/product-images/grid-650x775/t-shirts/pure-heart/pure-heart-2.png"
t shirts,recreation of adam,"http://africanalifestyle.tv/product-images/grid-650x775/t-shirts/recreation-of-adam/recreation-of-adam-1.png,http://africanalifestyle.tv/product-images/grid-650x775/t-shirts/recreation-of-adam/recreation-of-adam-2.png"
t shirts,ribs x2,"http://africanalifestyle.tv/product-images/grid-650x775/t-shirts/ribs-x2/ribs-x2-1.png,http://africanalifestyle.tv/product-images/grid-650x775/t-shirts/ribs-x2/ribs-x2-2.png,http://africanalifestyle.tv/product-images/grid-650x775/t-shirts/ribs-x2/ribs-x2-3.png,http://africanalifestyle.tv/product-images/grid-650x775/t-shirts/ribs-x2/ribs-x2-4.png"
t shirts,robot,"http://africanalifestyle.tv/product-images/grid-650x775/t-shirts/robot/robot-1.png,http://africanalifestyle.tv/product-images/grid-650x775/t-shirts/robot/robot-2.png"
t shirts,royalty,"http://africanalifestyle.tv/product-images/grid-650x775/t-shirts/royalty/royalty-1.png,http://africanalifestyle.tv/product-images/grid-650x775/t-shirts/royalty/royalty-2.png"
t shirts,skulls,"http://africanalifestyle.tv/product-images/grid-650x775/t-shirts/skulls/skulls-1.png,http://africanalifestyle.tv/product-images/grid-650x775/t-shirts/skulls/skulls-2.png"
